Disease	Disease_MIM	MedGen	Gene	Gene_MIM
Adenomatous polyposis coli	175100	C2713442	APC	611731
Aortic aneurysm, familial thoracic 4	132900	C1851504	MYH11	160745
Aortic aneurysm, familial thoracic 6	611788	C2673186	ACTA2	102620
Arrhythmogenic right ventricular cardiomyopathy, type 10	610193	C1857777	DSG2	125671
Arrhythmogenic right ventricular cardiomyopathy, type 11	610476	C1864850	DSC2	125645
Arrhythmogenic right ventricular cardiomyopathy, type 5	604400	C1858379	TMEM43	612048
Arrhythmogenic right ventricular cardiomyopathy, type 8	607450	C1843896	DSP	125647
Arrhythmogenic right ventricular cardiomyopathy, type 9	609040	C1836906	PKP2	602861
Biotinidase deficiency	253260	C0220754	BTD	609019
Breast-ovarian cancer, familial 1	604370	C2676676	BRCA1	113705
Breast-ovarian cancer, familial 2	612555	C2675520	BRCA2	600185
Brugada syndrome 1	601144	CN029323	SCN5A	600163
Catecholaminergic polymorphic ventricular tachycardia 1	604772	C4053736	RYR2	180902
Catecholaminergic polymorphic ventricular tachycardia 2	611938	C2677794	CASQ2	114251
Catecholaminergic polymorphic ventricular tachycardia 4	614916	C3554047	CALM1	614916
Catecholaminergic polymorphic ventricular tachycardia 5	615441	C3809536	TRDN	603283
Cerebrotendinous xanthomatosis	213700	C0238052	CYP27A1	606530
Dilated cardiomyopathy	617047	C4310749	FLNC	102565
Dilated cardiomyopathy (truncating variants only)	604145	C1858763	TTN	188840
Dilated cardiomyopathy 1A	115200	C1449563	LMNA	150330
Dilated cardiomyopathy 1D	601494	C1832243	TNNT2	191045
Dilated cardiomyopathy 1DD	613172	C2750995	RBM20	613171
Dilated cardiomyopathy 1E	601154	C1832680	SCN5A	600163
Dilated cardiomyopathy 1HH	613881	C3151293	BAG3	603883
Dilated cardiomyopathy 1I	604765	C1858154	DES	125660
Dilated cardiomyopathy 1P	609909	C1835928	PLN	172405
Dilated cardiomyopathy 1S	613426	C1834481	MYH7	160760
Dilated cardiomyopathy 1Z	611879	C2678475	TNNC1	191040
Dilated cardiomyopathy with woolly hair, palmoplantar keratoderma, and tooth agenesis	615821	C4014393	DSP	125647
Ehlers-Danlos syndrome, type 4	130050	C0268338	COL3A1	120180
Fabry's disease	301500	C0002986	GLA	300644
Familial hypercholesterolemia 1	143890	C0745103	LDLR	606945
Familial hypercholesterolemia 2	144010	C1704417	APOB	107730
Familial hypertrophic cardiomyopathy 1	192600	C3495498	MYH7	160760
Familial hypertrophic cardiomyopathy 10	608758	C1834460	MYL2	160781
Familial hypertrophic cardiomyopathy 11	612098	C2677506	ACTC1	102540
Familial hypertrophic cardiomyopathy 2	115195	C1861864	TNNT2	191045
Familial hypertrophic cardiomyopathy 3	115196	C1861863	TPM1	191010
Familial hypertrophic cardiomyopathy 4	115197	C1861862	MYBPC3	600958
Familial hypertrophic cardiomyopathy 6	600858	C1833236	PRKAG2	602743
Familial hypertrophic cardiomyopathy 7	613690	CN069699	TNNI3	191044
Familial hypertrophic cardiomyopathy 8	608751	C1837471	MYL3	160790
Familial medullary thyroid carcinoma	155240	C1833921	RET	164761
Hereditary breast cancer	114480	C0346153	PALB2	610355
Hereditary hemochromatosis (c.845G>A; p.C282Y homozygotes only)	235200	C3469186	HFE	613609
Hereditary hemorrhagic telangiectasia type 1	187300	C4551861	ENG	131195
Hereditary hemorrhagic telangiectasia type 2	600376	C1838163	ACVRL1	601284
Hereditary paraganglioma-pheochromocytoma syndrome	115310	C1861848	SDHB	185470
Hereditary paraganglioma-pheochromocytoma syndrome	168000	C3494181	SDHD	602690
Hereditary transthyretin-related amyloidosis	105210	C2751492	TTR	176300
Hypercholesterolemia, autosomal dominant, 3	603776	C1863551	PCSK9	607786
Juvenile polyposis syndrome	174900	C0345893	BMPR1A	601299
Juvenile polyposis syndrome	174900	C0345893	SMAD4	600993
Juvenile polyposis/hereditary hemorrhagic telangiectasia syndrome	175050	C1832942	SMAD4	600993
Li-Fraumeni syndrome 1	151623	C1835398	TP53	191170
Loeys-Dietz syndrome type 1A	609192	C1836635	TGFBR1	190181
Loeys-Dietz syndrome type 1B	610168	C2674876	TGFBR2	190182
Loeys-Dietz syndrome type 3	613795	C3151087	SMAD3	603109
Long QT syndrome	C0023976		TRDN	603283
Long QT syndrome 1	192500	C0035828	KCNQ1	607542
Long QT syndrome 14	616247	C4015671	CALM1	114180
Long QT syndrome 15	616249	C4015695	CALM2	114182
Long QT syndrome 16	618782	C5394068	CALM3	114183
Long QT syndrome 2	613688	C1835325	KCNH2	152427
Long QT syndrome 3	603830	C1859062	SCN5A	600163
Lynch syndrome 1	120435	C2936783	MSH2	609309
Lynch syndrome 2	609310	C1333991	MLH1	120436
Lynch syndrome 4	614337	C1838333	PMS2	600259
Lynch syndrome 5	614350	C1833477	MSH6	600678
Malignant hyperthermia	601887	C1866077	CACNA1S	114208
Malignant hyperthermia	145600	C0024591	RYR1	180901
Marfan's syndrome	154700	C0024796	FBN1	134797
Maturity-Onset of Diabetes of the Young	600496	C1838100	HNF1A	142410
Multiple endocrine neoplasia, type 1	131100	C0025267	MEN1	613733
Multiple endocrine neoplasia, type 2a	171400	C0025268	RET	164761
Multiple endocrine neoplasia, type 2b	162300	C0025269	RET	164761
MYH-associated polyposis	608456	C1837991	MUTYH	604933
Myofibrillar myopathy 1	601419	C1832370	DES	125660
Myofibrillar myopathy 5	609524	C1836050	FLNC	102565
Myofibrillar myopathy 6	612954	C2751831	BAG3	603883
Neurofibromatosis, type 2	101000	C0027832	NF2	607379
Ornithine carbamoyltransferase deficiency	311250	C0268542	OTC	300461
Paragangliomas 2	601650	C1866552	SDHAF2	613019
Paragangliomas 3	605373	C1854336	SDHC	602413
Peutz-Jeghers syndrome	175200	C0031269	STK11	602216
Pheochromocytoma	171300	C0031511	MAX	154950
Pheochromocytoma	171300	C0031511	TMEM127	613403
Pompe disease	232300	C0017921	GAA	606800
PTEN hamartoma tumor syndrome	158350	C1959582	PTEN	601728
Retinoblastoma	180200	C0035335	RB1	614041
RPE65-related retinopathy	204100	C1859844	RPE65	180069
Tuberous sclerosis 1	191100	C1854465	TSC1	605284
Tuberous sclerosis 2	613254	C1860707	TSC2	191092
Von Hippel-Lindau syndrome	193300	C0019562	VHL	608537
Wilms' tumor	194070	C0027708	WT1	607102
Wilson disease	277900	C0019202	ATP7B	606882
X-linked adrenoleukodystrophy	300100	C0162309	ABCD1	300371
